id	recommendation_rank_jp_beginner	service_name	company	home_region	platform_type	official_site_url	beginner_tier	zero_to_one_score_1_5	growth_stage	japanese_site_fit	japanese_site_fit_reason	japanese_ui_support	minimum_traffic	minimum_site_age	review_required	review_speed	custom_domain_requirement	install_method	ads_txt	bank_transfer	japan_bank_only_complete	bank_method	payout_processor	paypal	payoneer	wise_revolut	stripe_payout	crypto	minimum_payout_overall	minimum_payout_bank	payout_schedule	payout_currency	payout_fee_note	setup_fee	contract_exclusivity	ad_models	ad_formats	header_bidding_or_programmatic	adult_policy	AI_content_policy_note	adsense_good_standing_required	UX_intrusiveness_1_5	beginner_recommendation	change_risk	confidence	last_verified_date	source_primary_url	source_requirements_url	source_payment_url	notes	slug	affiliate_url	pros	cons	recommended_for
1	1	忍者AdMax	忍者ツールズ株式会社	日本	国内アドネットワーク / SSP型	https://www.ninja.co.jp/admax/	S	5	0→1 / 超小規模	公式OK	国内サービス。日本語サイト向け運用が前提。	あり	公開最低PVなし	公開要件なし	自動チェックあり	最短数分〜初回広告枠の自動チェック	要確認	JavaScript広告タグ	状況次第	Yes	Yes	忍者ポイント→国内銀行振込	忍者ポイント	No/主要手段ではない	No	No	No	No	500円	500円	ポイント確定後に交換申請	JPY	一部銀行無料、その他銀行は手数料あり（公式ヘルプで要確認）	0円	なし	CPM/CPC/成果系を自動最適化	バナー、オーバーレイ等（枠種別による）	複数広告会社のオークション	禁止カテゴリあり。規約確認必須	AI生成そのものより規約・品質・禁止コンテンツ順守が重要	No	2	最有力。『まず1円』の体験を作りやすく、日本の銀行だけで完結。	Medium	High	2026-08-12	https://www.ninja.co.jp/admax/	https://www.ninja.co.jp/admax/help/faq/10327/	https://www.ninja.co.jp/point/	GitHub Pages/Vercel/Cloudflare Pages固有の承認を公式が保証しているわけではない。タグ設置可能性からの技術推定。	ninja-admax		最短5分で掲載を始められ、問題がなければ初回バナー表示後30分程度で配信される。30社以上の広告会社を横断して広告を自動選別し、PC・スマートフォンを一つの管理画面で扱える。	報酬はまず忍者ポイントで付与され、現金化には交換手続きが必要。広告枠の自動審査があり、禁止コンテンツや枠の状態によっては配信されない。	日本語の小規模サイトで、複雑な広告調整をせず、まず少額でも広告収益を発生させたい人。国内サービスと日本円での受取を重視する人。
2	2	i-mobile Ad Network	株式会社アイモバイル	日本	国内アドネットワーク	https://www.i-mobile.co.jp/service/adnetwork.aspx	A	4	0→1 / 小規模	公式OK	国内Publisher向けサービス。	あり	公開最低PVなし	公開要件なし	Yes	目安2〜3営業日	要確認	JavaScript広告タグ	状況次第	Yes	Yes	国内銀行振込	自社支払	No	No	No	No	No	3,000円	3,000円	申請月の翌月15日目安	JPY	振込手数料250円（公式ヘルプ記載）	0円	なし	CPC/CPM等	バナー等	アドネットワーク	禁止カテゴリあり	AI固有の公開基準は確認できず。メディア審査・規約準拠。	No	2	国内銀行で完結し、審査期間も短め。忍者AdMaxの次候補。	Medium	High	2026-08-12	https://www.i-mobile.co.jp/service/adnetwork.aspx	https://www2.i-mobile.co.jp/help_partner_sp.aspx	https://www2.i-mobile.co.jp/help_partner_sp.aspx	収益残高の有効期限・申請ルールがあるため公式ヘルプを定期確認。	imobile-ad-network		18歳以上で日本国内の銀行口座があれば登録でき、最低支払額は3,000円。サイト審査は通常2〜3営業日で、他社広告との併用も認められている。	振込時に一律250円の事務手数料がかかり、報酬の繰越期限は2年間。サイトごとの審査が必要で、管理画面はスマートフォン向けに最適化されていない。	国内銀行で完結させたい日本語サイト運営者で、数日の審査を待てる人。3,000円からの受取と国内事業者の運用を重視する人。
3	3	Zucks Ad Network	株式会社Zucks	日本	国内アドネットワーク	https://zucks.co.jp/publisher/adnetwork/	A-	4	0→1 / 小規模	公式OK	国内Web/App Publisher向け。	あり	公開最低PVなし	公開要件なし	Yes	公開固定日数なし	要確認	広告タグ	状況次第	Yes	Yes	国内銀行振込	自社支払	No	No	No	No	No	3,000円	3,000円	3,000円以上で翌月末支払	JPY	振込手数料300円（公式FAQ記載）	0円	なし	CPC/CPM	バナー、動画、ネイティブ等	広告ネットワーク	禁止カテゴリあり	AI固有の公開基準は確認できず。メディア審査・規約準拠。	No	2	国内銀行完結。スマホ/Web向けで日本語サイトの現実的候補。	Medium	High	2026-08-12	https://zucks.co.jp/publisher/adnetwork/	https://zucks.co.jp/publisher/adnetwork/faq/	https://zucks.co.jp/publisher/adnetwork/faq/	サイトごとのメディア審査あり。	zucks-ad-network		バナーに加えて動画・ネイティブなど複数形式を扱い、AMPやUnity、AdMobメディエーションにも対応。3,000円を超えた月の翌月末に支払われる。	掲載媒体の審査があり、承認日数は公開されていない。振込手数料は一律300円で、報酬の通常の繰越期間は1年間。	スマートフォン向けサイトやアプリで、バナー以外の広告形式も試したい人。国内銀行振込と翌月末払いを重視する人。
4	4	Adsterra	Adsterra	グローバル	海外アドネットワーク	https://adsterra.com/publishers/	A	4	0→1 / 小規模	高確度OK	グローバルPublisher向け。日本GEO実績あり。日本語そのものの公式言語一覧は確認できず。	限定的/英語中心	なし	公開要件なし	Yes（軽め）	公式案内では数分〜短時間	必須ではない	JavaScript/HTMLタグ	推奨/形式による	Yes	Yes	Hyperwallet Local Bank Transfer / Wire	Hyperwallet等	Yes	Yes/手段は地域・時期による	手段は地域・時期による	No	Yes（手段は地域による）	$5〜（手段別）	$25目安（Local Bank Transfer。別公式記事に$50表記もあり要ダッシュボード確認）	月2回系（支払方法・条件による）	JPY Local Bank Transfer対応	Local Bank Transferは公式記事で$7＋FX。最低額の公式記載に$25/$50の揺れあり。	0	なし	CPM/CPC/CPA等	Banner, Native Banner, Popunder, Social Bar, Smartlink等	ネットワーク最適化	カテゴリ/規約による	AI固有禁止は確認できず。オリジナル性・合法性・トラフィック品質が重要。	No	4	海外勢では最有力。Banner/Native中心なら初心者実験向き。日本銀行JPY送金が強い。	High	High	2026-08-12	https://adsterra.com/publishers/	https://adsterra.com/blog/set-up-publishers-dashboard/	https://adsterra.com/blog/payouts-in-local-currency/	広告形式によってUXが大きく変わる。初心者はPopunderよりBanner/Nativeを優先。	adsterra		最低トラフィック要件がなく、公式案内では承認は約10分。バナー、ネイティブ、Social Bar、Popunder、Smartlinkなど広告形式が多く、Webサイトがない導線にも対応する。	管理・サポート情報は英語中心。Popunderやインタースティシャルなどは読者体験を損ねる可能性があるため、形式を選んで慎重に配置する必要がある。支払下限は受取方法ごとに異なる。	AdSense以外を早く試したい小規模サイトや、海外トラフィックも収益化したい人。英語の管理画面や本人確認に対応でき、穏当な広告形式を自分で選べる人。
5	5	adstir	ユナイテッドマーケティングテクノロジーズ株式会社	日本	国内SSP / アドネットワーク	https://ja.ad-stir.com/	A-	3	小規模〜成長	公式OK	国内個人Publisher登録可。	あり	公開最低PVなし	公開要件なし	Yes	公開固定日数なし	要確認	広告タグ/SDK等	状況次第	Yes	Yes	日本国内銀行口座	自社支払	No	No	No	No	No	5,000円（税抜）	5,000円（税抜）	基準額到達後、規約所定日	JPY	振込手数料はadstir負担	0	なし/契約条件確認	CPM/CPC等	バナー、ネイティブ、動画、インタースティシャル、レコメンド等	SSP	禁止カテゴリあり	AI固有の公開基準は確認できず。メディア審査・規約準拠。	No	3	日本語・国内銀行で安心。ただし5,000円到達まで支払い繰越。	Medium	High	2026-08-12	https://ja.ad-stir.com/	https://ja.ad-stir.com/register	https://ja.ad-stir.com/rules.html	個人登録可能。	adstir		日本語で登録でき、個人も申込み可能。Webサイトとアプリの両方に対応し、バナー、ネイティブ、動画、インタースティシャルなど複数形式を一つのSSPで扱える。	媒体審査があり、審査期間や最低トラフィックの明確な公開目安は確認できない。最低支払額は5,000円（税抜）で、超小規模サイトでは受取まで時間がかかる可能性がある。	日本語サポートを重視し、スマートフォン向けサイトまたはアプリを複数の広告形式で収益化したい人。5,000円まで報酬を積み上げられる人。
6	30	Google AdSense	Google	グローバル	コンテキスト広告 / ディスプレイ広告	https://adsense.google.com/	C	1	比較基準 / AdSense審査通過後	公式OK	日本語はAdSenseのサポート言語。	あり	公開最低PVなし	公開要件なし	Yes	数日〜数週間以上の場合あり	必須	AdSenseコード / ads.txt / meta検証	推奨（サイト検証にも利用可）	Yes	Yes	日本の銀行口座への電子送金（地域設定による）	Google Payments	No	No/通常不要	地域・口座要件により非推奨	No	No	JPY支払基準8,000円	8,000円	月次（支払基準到達後）	JPY	Google側の通常送金手数料は支払方法による	0	なし	インプレッションベース中心/広告オークション	Display, in-page, anchor, vignette等	Google広告オークション	厳格なPublisher Policies	AI利用自体は一律禁止ではないが、低価値・複製・scaled abuse等は不可。	—	2	本DBでは非推奨の比較基準。通常サイト申請は独自ドメイン前提で、審査不承認時に修正点を絞り込みにくい。AdSenseに通らない人は上位の代替候補を比較。	Medium	High	2026-08-11	https://adsense.google.com/	https://support.google.com/adsense/answer/2784438?hl=ja	https://support.google.com/adsense/answer/1709871?hl=ja	通常サイト申請は標準ドメインURLを入力。Blogger等Host Partnerは別申請経路のため、このDBの独自ドメイン判定から除外。Googleは承認率を公表していないため、非公式な却下率は採用しない。	google-adsense				
7	6	AdMaven	AdMaven	グローバル	海外アドネットワーク	https://ad-maven.com/publishers/	B	3	0→1 / 小規模	高確度OK	グローバル向け。日本語を明示した公式一覧は確認できず。	英語中心	公開最低PVを確認できず	公開要件を確認できず	Yes/サイト検証	公開固定日数なし	要確認	JS / root file等で検証	状況次第	Yes	Conditional	International Wire	自社/外部支払手段	Yes	Yes	明示なし	No	Yes	$1（PayPal）等、手段別	$800（Wire）	Net+30	USD等	Wireは高額最低支払・手数料あり	0	なし	CPM/CPA等	Push, In-page Push, Pop, Interstitial等	ネットワーク	カテゴリ/規約による	AI固有の公開基準は確認できず。トラフィック品質・規約重視。	No	5	PayPalなら低額出金だが、日本銀行だけで完結させるとWire $800が重い。	High	Medium	2026-08-11	https://ad-maven.com/publishers/	https://publishers-help.ad-maven.com/en/article/does-my-website-need-to-be-approved-before-i-begin-z7fpsu/	https://publishers-help.ad-maven.com/en/article/payment-method-fees-policy-1ltqfqd/		admaven				
8	7	Infolinks	Infolinks Media	グローバル	In-text / Native / Display	https://www.infolinks.com/	C+	3	0→1 / 小規模	個別審査	グローバル展開だが、2026年公式FAQで日本語を明示した対応言語一覧を確認できず。	英語中心	なし	公開要件なし	Yes	通常審査あり（固定日数は要確認）	要確認	JavaScript	状況次第	Yes	Conditional	International Bank Wire / Payoneer Local Bank等	支払方法別	Yes	Yes	明示なし	No	No/主要手段ではない	$50（PayPal等）	$100（Wire）	Net45目安	USD等	Wireは$25＋銀行側手数料の可能性	0	なし	CPC/CPM等	InText, InFold, InTag等	広告ネットワーク	規約禁止カテゴリあり	AI固有禁止は確認できず。サイト品質審査あり。	No	3	PV条件なしは魅力。ただし日本語在庫とWire条件を先に検証したい実験枠。	Medium	Medium	2026-08-11	https://www.infolinks.com/	https://sites0001.infolinks.com/support/quality/what-are-the-eligibility-criteria-for-my-site-to-qualify-with-infolinks	https://sites0001.infolinks.com/support/payments/can-i-receive-my-payment-via-bank-wire-transfer	収益分配70%の公式Service Agreementあり。	infolinks				
9	8	Adcash	Adcash	グローバル	海外アドネットワーク	https://adcash.com/publishers/	C+	3	0→1 / 小規模	個別審査	グローバルPublisher向け。日本語明示の公式言語条件は確認できず。	英語中心	公開最低PVを公式ヘルプで確認できず	不明	Yes/サイト審査	不明	要確認	広告タグ	状況次第	Yes	Conditional	Bank Wire	Adcash	Yes	No/主要手段ではない	Revolut Yes	No	Yes	$5相当（PayPal/Revolut等）	$100（Bank Transfer）	日次支払申請対応（条件あり）	USD/EUR等	手段別の手数料あり	0	なし	CPM/CPC/CPA等	Display, Pop, Native等	広告ネットワーク	規約カテゴリによる	AI固有の公開基準は確認できず。	No	4	海外実験枠。銀行のみだと$100閾値。	High	Medium	2026-08-11	https://adcash.com/publishers/		https://support.adcash.com/en/articles/364-publisher-payments-overview	支払方法: https://support.adcash.com/en/articles/329-supported-payment-methods-for-publishers	adcash				
10	9	HilltopAds	HilltopAds	グローバル	海外アドネットワーク	https://hilltopads.com/publishers	C	3	0→1 / 小規模	個別審査	グローバル向け。日本語の公式言語明記は確認できず。	英語中心	なし	公開要件なし	Yes/所有権検証	不明	要確認	file / meta verification + ad code	状況次第	Yes	Conditional	International Wire	支払方法別	Yes	No/主要手段ではない	Wise Yes	No	Yes	$20（Wise等）	$1,000（Wire）	毎週火曜 Net7	USD等	Wireは高額閾値・手数料	0	なし	CPM等	Popunder, In-page, Video, Banner, MultiTag	ネットワーク	規約範囲で幅広い	AI固有の公開基準は確認できず。	No	5	PV条件は軽いが、日本銀行のみだと$1,000 Wireがボトルネック。	High	High	2026-08-11	https://hilltopads.com/publishers	https://hilltopads.com/publishers-help/en/articles/10851783-what-traffic-can-i-monetize-with-hilltopads	https://hilltopads.com/publishers-help/en/articles/9060558-how-to-withdraw-your-earnings		hilltopads				
11	10	PopAds	PopAds	グローバル	Popunder広告	https://www.popads.net/publishers.html	C	3	0→1 / 小規模	個別審査	40カ国超のPublisher向け。日本語明示は確認できず。	英語中心	なし	公開要件なし	Yes	比較的軽いが固定日数不明	要確認	JavaScript	不明/不要な形式中心	Yes	Conditional	Wire	PopAds	Yes	No/不明	不明	No	不明/時期による	$5（PayPal等）	$500（Wire）	日次引出申請可	USD等	Wireは銀行手数料あり得る	0	なし	CPM	Popunder	Popunderオークション	比較的広いが違法/禁止コンテンツ不可	AI固有の公開基準は確認できず。	No	5	『貼れば収益』は体験しやすいがUXが強烈。教育用DBでは注意表示必須。	Medium	High	2026-08-11	https://www.popads.net/publishers.html	https://www.popads.net/publishers.html	https://www.popads.net/faq.html		popads				
12	11	Clickadu	Clickadu	グローバル	海外アドネットワーク	https://www.clickadu.com/publishers	C	3	0→1 / 小規模	個別審査	グローバルGEO対応。日本語の公式言語明記は確認できず。	英語中心	公開最低PVなし/サイト承認あり	不明	Yes	不明	要確認	広告タグ	状況次第	Yes	Conditional	International Wire	支払方法別	Yes	No/主要手段ではない	不明	No	Yes	$50	$1,000（Wire）	週次/隔週/月次（契約条件）	USD/EUR等	Wire USDは銀行手数料記載あり	0	なし	CPM/CPC/CPA等	Popunder, Banner, In-page, Video等	ネットワーク	カテゴリ/規約による	AI固有の公開基準は確認できず。	No	5	銀行のみでは$1,000 Wireが重い。PayPal許容層向け。	High	High	2026-08-11	https://www.clickadu.com/publishers	https://www.clickadu.com/publishers	https://faq.clickadu.com/en/articles/9506556-payment-and-finance		clickadu				
13	12	BidVertiser	Bpath Ltd / BidVertiser	グローバル	海外アドネットワーク	https://www.bidvertiser.com/publisher/	C	2	小規模	個別審査	サイト言語を登録する仕組みはあるが、日本語を明示した現行一覧は未確認。	英語中心	固定PV閾値なし。ただし良質な実トラフィックを要求	目安3か月以上	Yes	目安48時間	必須ではない	HTML/JS + 所有権確認	状況次第	Yes	Conditional	Wire	支払方法別	Yes	要最新画面確認	不明	No	要最新画面確認	$10目安（手段別）	$500目安（Wire、要最新確認）	Net30系	USD等	手段別	0	なし	CPC/CPM/CPA等	Display, Native, Pop等	ネットワーク	規約による	ユニークで更新されるコンテンツ、検索露出・評判を重視。	No	4	無料サブドメインを明示的に条件付きで扱う点はDB上かなり参考になる。	High	Medium	2026-08-11	https://www.bidvertiser.com/publisher/	https://zendesk.bidvertiser.com/hc/en-us/articles/214107725-Site-requirements-and-verifying	https://zendesk.bidvertiser.com/hc/en-us/categories/201694345-Publishers	支払最低額は支払方法・時期で変わるためアカウント画面再確認推奨。	bidvertiser				
14	13	Monetag	Monetag / PropellerAds ecosystem	グローバル	海外アドネットワーク	https://monetag.com/	C	2	0→1 / 小規模	個別審査	グローバル向けだが日本語明示一覧は未確認。	英語中心	固定最低PVの公開条件なし	不明	Yes	サイト審査あり	必須	広告タグ/SmartLink	状況次第	Yes	Conditional	Wire / Online Banking / Revolut等	支払方法別	Yes	Yes	Revolutあり	No	Yes	$5（PayPal/Skrill等）	$500（Wire等）	通常月2回。条件により週次	USD等	$1,000未満のWireは高額手数料記載あり	0	なし	CPM/CPA等	Onclick/Pop, Push, Interstitial, SmartLink等	ネットワーク	カテゴリ/規約による	オリジナルコンテンツ・実トラフィックを審査。	No	5	無料サブドメイン戦略とは相性が悪い。独自ドメイン前提なら実験候補。	High	High	2026-08-11	https://monetag.com/	https://monetag.com/	https://help.monetag.com/en/articles/6745951-payment-methods-available-in-monetag	free hosted非対応は公式トップ/ブログで明記。	monetag				
15	14	ExoClick	ExoClick	グローバル	Programmatic ad network / 成人カテゴリも扱う	https://www.exoclick.com/publishers/	C	2	小規模〜成長	個別審査	グローバル在庫。日本語固有の公式対応条件は未確認。	英語中心	公開固定閾値を本調査で確認できず	不明	Yes	不明	要確認	広告タグ	推奨/状況次第	Yes	Conditional	Bank Wire	ExoClick	支払画面要確認	支払画面要確認	支払画面要確認	No	支払画面要確認	20 EUR/USD（BitPay・Paxum）	200 EUR/USD（Wire）	週次Net7（月曜）または月次Net20	EUR/USD	銀行・支払手段ごとに異なる	0	なし	CPM/CPC/CPA等	Display, Native, Video, Pop等	Programmatic	成人向けカテゴリを正式に扱う	AI固有の公開基準は本調査で確認できず。	No	4	一般日本語ブログの第一候補ではない。成人カテゴリ等の特殊用途向け。	High	High	2026-08-11	https://www.exoclick.com/publishers/	https://docs.exoclick.com/publishers/	https://docs.exoclick.com/publishers/payments/payment-options-timescales	公式Payments文書でWire最低200 EUR/USD、週次Net7または月次Net20を確認。日本の銀行での受取可否・中継銀行手数料は口座ごとに確認。	exoclick				
16	15	RevContent	RevContent	米国	Native advertising network	https://www.revcontent.com/publishers	C	2	小規模〜成長	実質不向き	国際Publisherは受け付けるが、北米ネイティブ中心。日本語サイトの明示対応は未確認。	英語	固定PV閾値なしと案内されるが品質審査あり	不明	Yes/人手審査	個別	必須	Native widget/tag	状況次第	Yes	Conditional	International Wire	RevContent	Yes	No	不明	No	No/主要手段ではない	$100目安（支払方法ページ）	$1,000（International Wire）	規約/請求サイクル	USD	Wire手数料あり得る	0	契約条件確認	CPC/Native	Native recommendation widgets	Native network	ブランドセーフティ審査	人手ドメイン審査。独自性・ブランドセーフティ重視。	No	2	日本語初心者には優先度低い。ネイティブ広告の成長先として研究用。	High	Medium	2026-08-11	https://www.revcontent.com/publishers	https://help.revcontent.com/knowledge/creating-a-revcontent-publisher-account	https://help.revcontent.com/knowledge/publisher-payment-requirements-methods	支払閾値はTermsとHelpで差が出る場合があるため契約画面を優先。	revcontent				
17	16	MGID	MGID	グローバル	Native advertising network	https://www.mgid.com/publishers	Growth-only	1	約9万訪問/月〜	公式OK	公式Helpで『すべてのサイト言語』に対応し、広告は70+言語と明記。	英語中心	3,000 unique visitors/日（約90,000/月）	固定月数の明記なし	Yes	目安24時間	必須	Native widget/tag	推奨	Yes	Conditional	Tipalti Bank Transfer / eCheck / Wire	Tipalti	Yes	支払手段は要最新確認	不明	No	不明	$100	$100（方法により手数料）	月次	USD/ローカル通貨変換あり得る	非USD eCheck/Wire等は手数料条件あり	0	なし/契約確認	CPC/Native	Native recommendation widgets	Native network	Adult/torrent/streaming/low-information等を禁止	最低10記事・情報量/品質を要求。	No（AdSense併用可と公式FAQ）	2	日本語対応は明確だが3,000 UU/日が高い。育ったサイトの乗換先。	Medium	High	2026-08-11	https://www.mgid.com/publishers	https://help.mgid.com/publishers-general-information	https://help.mgid.com/what-are-your-payout-methods		mgid				
18	17	Journey by Mediavine	Mediavine	米国	Managed programmatic ads	https://www.journeymv.com/	Growth	2	1,000 premium sessions/月〜	条件付き公式OK	非英語サイトも可。ただし2026-08更新で『premium sessions』1,000/月が必要。例はUS/UK/Canada/Australia等で、日本国内中心PVは不利。	英語	1,000 premium sessions/月（2026-08-07更新）	旧Helpでは4か月。最新申請条件は再確認推奨	Yes	新条件で高速化と案内	必須	Managed integration	要プラットフォーム指示	Yes	Conditional	eCheck/Local Bank Transfer / International Wire等	Tipalti	Yes	支払画面で要確認	銀行情報として利用可否は要確認	No	No	$100〜（方法別）	$100 Wire / $200 local bank目安	Net65	USD/ローカル通貨	方法別。Local bankはFX費用あり	0	広告管理契約条件あり	Programmatic CPM	Display/Video等	Managed programmatic	ブランドセーフ	独自性・人間の関与・ブランドセーフを重視。	Googleポリシー良好状態を重視	2	非英語OKは魅力。ただし日本国内トラフィック中心の初心者には『premium sessions』が難所。	High	High	2026-08-11	https://www.journeymv.com/	https://www.mediavine.com/blog/two-years-of-journey-by-mediavine/	https://help.mediavine.com/mediavine-payment-methods	Grow 30日必須という旧条件は2026-08-07更新でGrow optionalへ変更。	journey-by-mediavine				
19	18	Monumetric	Monumetric	米国	Managed programmatic ads	https://www.monumetric.com/	Growth	1	10,000 PV/月〜	個別審査	英語圏中心のManaged広告。日本語対応を明示した現行公式条件は確認できず。	英語	Propel: 10,000〜80,000 PV/月	不明	Yes	個別	必須	Managed integration	要指示	Unknown	Unknown	公開情報で本調査時に確認できず	非公開/契約時	公開情報で要確認	要確認	要確認	No/確認できず	No/確認できず	公開情報で要確認	公開情報で要確認	公開情報で要確認	要確認	要確認	$99（Propel）	長期ロックインなしと案内	Programmatic CPM	Display等	Managed programmatic	ブランドセーフ	品質審査あり。AI固有条件は本調査で明示確認できず。	要確認	2	10k PVと$99初期費用があるため0→1向けではない。	Medium	Medium	2026-08-11	https://www.monumetric.com/	https://www.monumetric.com/join/			monumetric				
20	19	Newor Media	Newor Media	米国	Managed programmatic ads	https://newormedia.com/	Growth	1	10,000 PV/月〜	実質不向き	非英語サイトも条件付き可だが、50%以上のトラフィックをUS/UK/Canada/Australiaから要求。	英語	Display Ads: 10,000 PV/月。新規サイト例外で5,000 visitors検討可	新規<3か月でも例外検討あり	Yes	個別	必須	Managed integration	要指示	Unknown	Unknown	要契約確認	要契約確認	要契約確認	要契約確認	要契約確認	No/確認できず	No/確認できず	要確認	要確認	Net30保証と案内	要確認	要確認	要確認	契約条件確認	Programmatic CPM	Display/Video等	Managed programmatic	ブランドセーフ	品質・トラフィックソース審査。	要確認	2	日本国内PV中心の日本語サイトには地理条件が厳しく、優先度低。	High	High	2026-08-11	https://newormedia.com/	https://newormedia.com/blog/ad-monetization-onboarding-with-newor-media/	https://newormedia.com/faqs		newor-media				
21	20	Raptive	Raptive	米国	Premium managed programmatic	https://raptive.com/	Growth	1	25,000 PV/月〜	実質不向き	25k〜99,999 PV層はUS/UK/Canada/NZ/Australiaが50%以上、100k+でも40%以上必要。	英語	25,000 PV/月	6か月	Yes	個別	必須	Managed integration	要指示	Yes	Conditional	eCheck/Local bank / Wire	Tipalti	Yes	要確認	銀行情報として要確認	No	No	$25（非Wire）	$25 local bank / $100 Wire	Net45	USD/ローカル通貨	Local bankはFX 2.5%等。Wire feeあり	0	広告管理契約	Programmatic CPM	Display/Video等	Managed programmatic	ブランドセーフ	Meaningful human involvement・original contentを要求。	Googleポリシー良好状態重視	2	日本語サイトでも海外Tier1流入が多い例外を除き、初心者向けではない。	Medium	High	2026-08-11	https://raptive.com/	https://help.raptive.com/hc/en-us/articles/360032840891-Who-is-eligible-for-Raptive	https://help.raptive.com/hc/en-us/articles/360013465192-Payment-Methods		raptive				
22	21	Ezoic	Ezoic	米国	Ad optimization / programmatic	https://www.ezoic.com/	Growth	1	原則250,000 MAU〜	個別審査	グローバルサービスだが日本語固有条件は本調査で明示確認できず。	英語中心	原則250,000 monthly active users（2026現行要件）	不明	Yes	個別	必須	DNS/Cloud/JS等の統合	要指示	Yes	Conditional	Wise bank transfer / PayPal / Payoneer / Check	Wise等	Yes	Yes	Wise Yes	No	No	$20	$20目安	Net30標準（Net60/90選択肢あり）	USD/口座側で変換	FX/受取銀行条件による	0/サービス契約による	契約条件確認	Programmatic CPM	Display/Video等	Ad optimization / programmatic	Google等のポリシー準拠	品質/ポリシー審査。	ポリシー準拠重要	2	昔の『初心者向けAdSense代替』情報は古い。現行は大規模サイト向け。	High	High	2026-08-11	https://www.ezoic.com/	https://support.ezoic.com/kb/article/getting-started-ezoics-requirements	https://support.ezoic.com/kb/article/ezoic-payments		ezoic				
23	22	Setupad	Setupad	EU/グローバル	Header bidding / managed programmatic	https://setupad.com/	Growth	1	100,000 visitors/月〜	個別審査	グローバルPublisher向け。日本語固有条件は未確認。	英語	100,000 visitors/月（公式条件）	不明	Yes	個別	必須	Header bidding integration / ads.txt	必須相当（全需要ソースを記載）	Yes	Conditional	Bank Transfer	Setupad	Yes	Yes	Wise/Revolut/Paysera Yes	No	No	€100	€100	初回は開始月終了後約60日、以後契約サイクル	EUR等	手段別	要確認	需要ソース/広告運用条件あり	Programmatic CPM	Display/Video等	Header bidding	ブランドセーフ/品質ポリシー	品質ポリシー・オリジナル性を重視。	Google需要を扱うためポリシー良好状態重要	2	10万visitors以上の成長先。0→1では対象外。	Medium	High	2026-08-11	https://setupad.com/	https://setupad.com/referral-program-setupad/	https://setupad.com/faqs/		setupad				
24	23	Mediavine Official	Mediavine	米国	Premium managed programmatic	https://www.mediavine.com/	Growth	1	年間広告収益$5,000+目安	公式OK	公式Helpで非英語・国際Publisherを受け付けると明記。	英語	旧セッション閾値ではなく、現行は年間広告収益$5,000+等の適格性	個別審査	Yes/厳格	個別	必須	Managed integration	要指示	Yes	Conditional	eCheck/Local Bank / International Wire	Tipalti	Yes	要確認	銀行情報として要確認	No	No	$100（PayPal/Wire等）	$100 Wire / $200 local bank	Net65	USD/ローカル通貨	Local bank FX約2%等、Wire feeあり	0	広告管理契約	Programmatic CPM	Display/Video等	Premium managed programmatic	ブランドセーフ	Original/evergreen/human-led品質を厳格審査。	Yes相当（Google AdSense good standingを要件として重視）	2	日本語可だが十分育ったサイト向け。『日本語だから不可』ではない点が重要。	High	High	2026-08-11	https://www.mediavine.com/	https://www.mediavine.com/mediavine-requirements/	https://help.mediavine.com/mediavine-payment-methods		mediavine-official				
25	24	Publift	Publift	オーストラリア/グローバル	Managed programmatic / monetization	https://www.publift.com/	Growth	1	月$2,000広告収益目安	個別審査	国際Publisher向け。日本語固有の公式可否を本調査で明示確認できず。	英語	公開条件は主に月$2,000広告収益目安（成長性で例外）	不明	Yes	オンボーディング約1週間目安	必須	Managed integration	要指示	Yes	Conditional	Direct bank transfer	Publift	要確認	要確認	要確認	No/確認できず	No/確認できず	公開ブログに$200表記あり。契約で要確認	契約で要確認	Google収益約30日、他需要はより長い場合あり	選択通貨で銀行送金可能と案内	契約/銀行条件	要確認	契約条件	Programmatic CPM	Display/Video等	Managed programmatic	ブランドセーフ	品質審査。AI固有公開条件は本調査で確認できず。	要確認	2	収益が育ってからの乗換候補。銀行直送は魅力。	Medium	High	2026-08-11	https://www.publift.com/	https://www.publift.com/how-it-works	https://www.publift.com/how-it-works		publift				
26	25	MicroAd COMPASS	株式会社マイクロアド	日本	国内SSP	https://www.microad.co.jp/services/adplatform/microad-compass/	Growth	1	成長メディア / 問い合わせ型	公式OK	国内Publisher向け。個人メディアオーナーも利用と公式明記。	あり	公開固定閾値なし（問い合わせ/審査）	不明	Yes/商談	個別	要確認	SSPタグ/個別実装	要指示	Yes	Yes	国内銀行振込	自社支払	No/通常想定されない	No	No	No	No	8,000円（税抜。未満は繰越）	8,000円（税抜）	月末締め・翌々月末まで	JPY	振込手数料はMicroAd負担	問い合わせ	契約条件	RTB/CPM等	Web/App Display等	SSP / RTB	ブランドセーフ/審査	AI固有公開条件は未確認。媒体審査。	No/契約次第	2	個人利用可だがセルフサーブ0→1向けではない。成長後の国内乗換先。	Medium	High	2026-08-11	https://www.microad.co.jp/services/adplatform/microad-compass/	https://www.microad.co.jp/contact/compass/	https://www.microad.co.jp/contact/compass/	公式利用規約Article 12で国内銀行振込、8,000円（税抜）、翌々月末、振込手数料MicroAd負担を確認。	microad-compass				
27	26	LOGLY Ads Context	ログリー株式会社	日本	国内Native広告 / コンテキスト広告	https://lift.logly.co.jp/	Growth	1	成長メディア / 問い合わせ型	公式OK	国内Publisher/メディア向けネイティブ広告。	あり	公開固定閾値なし/導入審査	不明	Yes/商談	個別	要確認	レコメンド/Native widget	要指示	Unknown	Conditional	国内契約支払（公開詳細なし）	契約時	No/通常想定されない	No	No	No	No	非公開	非公開	契約時	JPY想定/契約確認	非公開	契約時	契約条件	Native/CPC等	レコメンドウィジェット、ネイティブ広告	コンテキスト/Native配信	ブランドセーフ/審査	AI固有公開条件は未確認。媒体品質審査。	No	1	UXを壊しにくい国内ネイティブ。初心者セルフサーブではなく成長後。	Medium	Medium	2026-08-11	https://lift.logly.co.jp/	https://lift.logly.co.jp/			logly-ads-context				
28	27	fluct SSP	株式会社fluct	日本	国内SSP / Header Bidding	https://corp.fluct.jp/service/	Growth	1	成長〜大規模メディア	公式OK	国内Publisher向け収益最大化SSP。	あり	公開固定閾値なし/商談型	不明	Yes/商談	個別	必須	SSP/Header Bidding integration	要指示	Unknown	Conditional	国内契約支払（公開詳細なし）	契約時	No/通常想定されない	No	No	No	No	非公開	非公開	契約時	JPY想定/契約確認	非公開	契約時	契約条件	RTB/CPM	Web/App Display等	Header Bidding / SSP / Open Bidding	媒体審査	AI固有公開条件は未確認。	No/需要接続次第	2	大規模化した日本語メディア向け。DBには『出口』として必要。	Medium	Medium	2026-08-11	https://corp.fluct.jp/service/	https://corp.fluct.jp/service/			fluct-ssp				
29	28	GENIEE SSP	株式会社ジーニー	日本/グローバル	SSP	https://en.geniee.co.jp/services/publishers/	Growth	1	成長〜大規模メディア	公式OK	日本企業のPublisher向けSSP。多数ネットワーク/DSP接続。	あり/英語ページもあり	公開固定閾値なし/問い合わせ型	不明	Yes/商談	個別	必須	SSP tag / managed integration	要指示	Unknown	Conditional	国内契約支払（公開詳細なし）	契約時	No/通常想定されない	No	No	No	No	非公開	非公開	契約時	JPY想定/契約確認	非公開	導入費0を案内するページあり/契約確認	契約条件	RTB/CPM	Display等	SSP / 150+ networks等	媒体審査	AI固有公開条件は未確認。	No/需要接続次第	2	セルフサーブ初心者向けではないが、成長メディアの国内出口として重要。	Medium	Medium	2026-08-11	https://en.geniee.co.jp/services/publishers/	https://en.geniee.co.jp/services/publishers/			geniee-ssp				
30	29	Freestar	Freestar	米国	Enterprise managed programmatic	https://freestar.com/	Enterprise	1	大規模（目安100万PV級）	実質不向き	グローバルEnterprise。日本語固有の公式対応条件は本調査で明示確認できず。	英語	一般に大規模メディア向け。問い合わせ時に約100万PV級が目安として案内されることがある	12か月の過去トラフィック提示を要求	Yes/厳格	個別	必須	Managed programmatic integration	要指示	Unknown	Unknown	契約時	契約時	要確認	要確認	要確認	No/確認できず	No/確認できず	非公開/契約時	非公開/契約時	契約時	契約時	契約時	契約時	契約条件	Programmatic CPM	Display/Video等	Enterprise managed programmatic	ブランドセーフ	人間向けユニークコンテンツ、健全な自然流入、MFA/低品質量産を厳格に避ける品質要件。	要確認	2	完全に成長後。初心者DBには『最終到達点』として置く価値がある。	Medium	Medium	2026-08-11	https://freestar.com/	https://freestar.com/publisher-quality-requirements/			freestar				
