service_id	sentiment	source_kind	source_date	source_title	summary	context	caveat	source_url
2	positive	個人ブログ	2022年頃	i-mobileの審査通過記録	新しいブログに記事を追加した後で申請し、審査を通過したと報告。PCとスマートフォンの両方に掲載できることや、比較的申請しやすそうな点を選定理由に挙げている。	日本語ブログ・申請体験	収益額の検証前の記事で、現在の審査基準を保証しない。	https://blogshugyounikki.com/archives/596
2	mixed	個人ブログ	公開日不明	AdSense代替としての使用感	AdSenseに不合格でも収益ゼロのままにせず試せる代替候補として評価。一方、広告主や案件の偏りがある点を弱みとして挙げている。	日本語ブログ・紹介記事	紹介リンクを含む記事。具体的なPV・収益期間は示されていない。	https://kosuke0001.com/i-mobile-adnetwork/
2	negative	個人note	2025年頃	バナー3枠の実測と配置変更	300×250バナー3枠で1クリック8〜10円、CTR約0.35%と報告。表示速度とレイアウトへの影響もあり、3枠から1枠へ減らして成果報酬広告を優先した。	成人向けサイト・配置別実測	単一サイトの結果。ジャンルと広告配置が特殊で、一般サイトへそのまま当てはめられない。	https://note.com/adultafiblog/n/nd6194d068c39
2	mixed	口コミサイト	確認日2026-08-14	i-mobile Ad Network利用者レビュー	ジャンルを問わず掲載しやすく広告が豊富という評価がある一方、クリック単価がやや安いという指摘も掲載されている。	BOXIL掲載レビュー3件	広告主側とサイト運営者側の評価が混在する可能性があり、件数も少ない。	https://boxil.jp/service/4647/reviews/
3	negative	個人ブログ	2024-04-30	Zucks導入後の単価検証	クリック単価は概ね10円前後で、表示収益も低かったため積極的には勧めないと結論。ただし審査完了が早く、極端に悪い単価ではない点は評価している。	日本語サイト・導入後の検証	単一運営者の結果。PV、配置、ジャンルで結果は変わる。	https://nobutoblog.com/zucks-ad-network/
3	negative	個人ブログ	2020年以前	6クリックの収益記録	300×250枠で6クリック22円となり、同じ広告が繰り返し表示される点にも不満を述べている。	日本語ブログ・小規模な実測	母数が6クリックと非常に小さく、古い結果である。	https://chokinhuyasu.com/zucks-ad-network.html
3	positive	ブログコメント	2018-09-24	約1年間利用した運営者のコメント	約1年間の平均クリック単価は15円前後で、複数サービスを試した末にZucksを継続したと報告。通販系広告を外して運用していた。	日本語ブログ・約1年利用という自己申告	第三者記事のコメント欄にある自己申告で、管理画面画像やPVは確認できない。古い情報。	https://chokinhuyasu.com/zucks-ad-network.html
4	positive	Reddit投稿	2026-06-02	サイト運営者のCPM報告	通常日はCPM約1〜6ドル、一部の国・端末では12〜18ドル以上と報告。Tier 1地域、デスクトップ、Windowsが比較的良く、広告形式と流入品質で大きく変動したという。	英語圏のコンテンツサイト・媒体名非公開	紹介リンク付きの自己申告で、管理画面やサイトを独立検証できない。	https://www.reddit.com/r/B2BMarketingLeads/comments/1tuj6mw/my_adsterra_journey_is_over_real_adsterra/
4	negative	Reddit投稿	2026-07-26	意図しないポップアップと収益低下の申告	バナーのみを選んだのに米国・ドイツの訪問者へポップアップが出たと主張。問い合わせ後に表示は止まったが、CPMと収益もほぼ消え、明確な説明を得られなかったという。	海外サイト・地域別表示を確認	利用者の一方的な申告で、Adsterra側の調査結果は公開されていない。	https://www.reddit.com/r/adops/comments/1v6u8bi/my_experience_with_adsterra_popups_appeared_on/
4	negative	Reddit投稿	2026-02-07	約9万回表示で0.03ドルとの申告	主にTier 1地域から約9万回のバナー表示があったが、収益は0.03ドルだったと投稿。サポート回答にも納得できなかったとしている。	バナー広告・主にTier 1流入という自己申告	設定、計測、無効トラフィック判定などの詳細は不明で、第三者検証はない。	https://www.reddit.com/r/Wordpress/comments/1qybzxi/beware_of_adsterra_scammers/
4	mixed	口コミサイト	確認日2026-08-14	Trustpilotの評価傾向	高いCPM、導入の容易さ、サポートを評価する投稿がある一方、アカウント停止、支払い、広告品質、回答の遅さに関する不満も複数見られる。	Trustpilot上の利用者投稿	広告主とサイト運営者が混在し、本人確認・取引実態を当サイトでは検証できない。	https://www.trustpilot.com/review/adsterra.com
5	mixed	個人ブログ	2024-08-23	adstirの単価・管理画面レビュー	クリック率は約2%との印象がある一方、1クリック1〜3円で1円未満もあり、CPM 10.47と報告。設定画面は見やすいが画面遷移が遅く、メイン広告より補助枠向きと評価している。	日本語ブログ・実測画面あり	アフィリエイトリンクを含む単一サイトの体験。PVと計測期間は不明。	https://sadaono.com/article/sidejob/adstir-review
5	mixed	個人ブログ	2023年頃	審査と広告形式の使用感	トレンドブログでも審査を通過したと報告。ワイプ広告やインタースティシャルは収益性を期待できる反面、読者体験やポリシー面のリスクとの両立が必要と整理している。	日本語トレンドブログ・審査体験	具体的な収益額は確認できず、現在の審査基準を保証しない。	https://ym-life.com/adstir-passing/
7	positive	Reddit投稿	2026-02-15	2年間利用したという評価	約2年間利用し、CPMが高く透明性にも満足しているという投稿。小規模サイトでも試せるとの意見が同じ利用者から複数スレッドにある。	主にリンク収益化系コミュニティ	同一アカウントによる繰り返し推奨があり、利害関係や紹介目的を否定できない。	https://www.reddit.com/r/linkvertise/comments/1akczku/opinion_on_admaven/
7	negative	Reddit投稿	2025-11頃	支払いが2か月遅れたという申告	支払い申請後、処理中との回答が続き、2か月経過しても受け取れなかったと追記している。	AdOpsコミュニティ・支払い体験	一方的な申告で、アカウント条件や運営側の回答は確認できない。	https://www.reddit.com/r/adops/comments/1l7pgzu/admaven_shows_adult_ads/
7	negative	Reddit投稿	2023-12頃	表示・クリック計測への不満	Linkvertiseから移行した際、AdMaven側で数えられたクリックが大幅に少なく、CPMも期待以下だったため戻したと報告している。	コンテンツロッカー利用者	異なるサービス間の計測定義や完了条件が揃っておらず、単純比較はできない。	https://www.reddit.com/r/linkvertise/comments/188c93t/admaven_content_locker_vs_linkvertise/
7	mixed	Redditスレッド	2026-03頃	Linkvertiseとの比較意見	AdMavenのほうがCPMと使い勝手が良いという意見と、収益控除を疑いLinkvertiseへ戻ったという反対意見が同じスレッド内にある。	リンク収益化系コミュニティ	投稿者間の競合意識や宣伝的な発言があり、数値の裏付けは乏しい。	https://www.reddit.com/r/linkvertise/comments/1pl0yq0/good_signal_or_just_temporary_glitch/
